Hello,Hi
hrllo,Hi
Hello,Hi
Hello,Hi
Hello,Hi
Hello,Hi
Hello,Hi
Hello,Hi
Hello,Hi
Hello,Hi
Hello,Hi
Hello,Hi
Hello,Hi
Hello,Hi
Hello,Hi
Hello,Hi
Hello,Hi
Hello,Hi
Hello,Hi
Hello,Hi
Hello,Hi
Hello,Hi
Hello,Hi
Hello,Hi
hello,Hi
hello how are you,I am doing well.
Hello,Hi
hello,Hi
how are you,I am doing well.
Hello,Hi
Hello,Hi
Hello,Hi
hello,Hi
hello,Hi
how are you,I am doing well.
Hello,Hi
Nothing,Or something
Nothing,Or something
Nothing,Or something
Hello,Hi
Nothing,Or something
Hello,Hi
Hello,Hi
Hello,Hi
Nothing,Or something
Hello,Hi
Hello,Hi
Hello,Hi
Hello,Hi
hello,Hi
what's the time,IDKWhy dont you look at google: <a target='_blank' href='https://www.google.com/search?q=what's the time'>what's the time</a>
